molecule_id,name,parent_smiles,activity_type,activity_nm,source_url,confidence,notes
CHEMBL4112929,MILVEXIAN,C[C@@H]1CCC[C@H](n2cnc(-c3cc(Cl)ccc3-n3cc(Cl)nn3)cc2=O)c2cc(ccn2)-c2c(cnn2C(F)F)NC1=O,Ki,0.1,https://www.ebi.ac.uk/chembl/activity_report_card/17791791,medium,proxy exclusion; replace or augment with curated patent examples before legal/IP conclusions
CHEMBL5427131,,CC[C@@H](C(=O)Nc1ccc(C(N)=O)c(F)c1)n1cc(OC)c(-c2cc(Cl)ccc2-n2cc(C(F)(F)F)nn2)cc1=O,IC50,1.0,https://www.ebi.ac.uk/chembl/activity_report_card/25530106,medium,proxy exclusion; replace or augment with curated patent examples before legal/IP conclusions
CHEMBL4096251,,COC(=O)Nc1ccc2c(c1)NC(=O)CCc1nc(ccc1F)C[C@H](NC(=O)/C=C/c1cc(Cl)ccc1-n1cnnn1)c1nc-2c[nH]1,Ki,0.02,https://www.ebi.ac.uk/chembl/activity_report_card/18209480,low,proxy exclusion; replace or augment with curated patent examples before legal/IP conclusions
CHEMBL4060950,,COC(=O)Nc1ccc2c(c1)NC(=O)CC/C=C/C[C@H](NC(=O)/C=C/c1cc(Cl)ccc1-n1cnnn1)c1nc-2c(Cl)[nH]1,Ki,0.03,https://www.ebi.ac.uk/chembl/activity_report_card/17956410,low,proxy exclusion; replace or augment with curated patent examples before legal/IP conclusions
CHEMBL4107149,,COC(=O)Nc1ccc2c(c1)NC(=O)[C@H](C)CCC[C@H](N1CCC(c3c(C#N)ccc(Cl)c3F)=CC1=O)c1cc-2ccn1,Ki,0.03,https://www.ebi.ac.uk/chembl/activity_report_card/27608258,low,proxy exclusion; replace or augment with curated patent examples before legal/IP conclusions
CHEMBL3580759,,CN1CCN(C(=O)C[C@H](NC(=O)/C=C/c2cc(Cl)ccc2-n2cnnn2)c2nc(-c3ccc4[nH]c(=O)cc(O)c4c3)c(Cl)[nH]2)CC1,Ki,0.04,https://www.ebi.ac.uk/chembl/activity_report_card/15617373,low,proxy exclusion; replace or augment with curated patent examples before legal/IP conclusions
CHEMBL6039093,,COC(=O)Nc1ccc2c(c1)NC(=O)CC[C@@H](C)C[C@H](c1ccc(-c3c(F)ccc(Cl)c3F)c[n+]1[O-])c1nc-2c(C)[nH]1,Ki,0.04,https://www.ebi.ac.uk/chembl/activity_report_card/27397748,low,proxy exclusion; replace or augment with curated patent examples before legal/IP conclusions
CHEMBL4110926,,COC(=O)Nc1ccc2c(c1)NC(=O)[C@H](C)CCC[C@H](N1CCC(c3c(OC(F)F)ccc(Cl)c3F)=CC1=O)c1ccnc-2c1,Ki,0.04,https://www.ebi.ac.uk/chembl/activity_report_card/27608339,low,proxy exclusion; replace or augment with curated patent examples before legal/IP conclusions
CHEMBL4112773,,C[C@@H]1CCC[C@H](N2CCC(c3c(-n4cnnn4)ccc(Cl)c3F)=CC2=O)c2cc(ccn2)-c2ccccc2NC1=O,Ki,0.05,https://www.ebi.ac.uk/chembl/activity_report_card/27608450,low,proxy exclusion; replace or augment with curated patent examples before legal/IP conclusions
CHEMBL4114881,,COC(=O)Nc1ccc2c(c1)NC(=O)[C@H](C)CCC[C@H](N1CCC(c3c(F)ccc(Cl)c3F)=CC1=O)c1nc-2c(Cl)[nH]1,Ki,0.05,https://www.ebi.ac.uk/chembl/activity_report_card/27608651,low,proxy exclusion; replace or augment with curated patent examples before legal/IP conclusions
CHEMBL4113941,,C[C@@H]1CCC[C@H](N2CCC(c3c(-n4cnnn4)ccc(Cl)c3F)=CC2=O)c2cc(ccn2)-c2cc(F)ccc2NC1=O,Ki,0.05,https://www.ebi.ac.uk/chembl/activity_report_card/27608798,low,proxy exclusion; replace or augment with curated patent examples before legal/IP conclusions
CHEMBL4115159,,C[C@@H]1CCC[C@H](N2CCC(c3c(F)ccc(Cl)c3F)=CC2=O)c2cc(ccn2)-c2cc(C(=O)O)c(N)cc2NC1=O,Ki,0.05,https://www.ebi.ac.uk/chembl/activity_report_card/27608840,low,proxy exclusion; replace or augment with curated patent examples before legal/IP conclusions
CHEMBL4108927,,C[C@@H]1CCC[C@H](N2CCC(c3c(F)ccc(Cl)c3F)=CC2=O)c2cc(ccn2)-c2cc3c(O)cc(=O)[nH]c3cc2NC1=O,Ki,0.05,https://www.ebi.ac.uk/chembl/activity_report_card/27608843,low,proxy exclusion; replace or augment with curated patent examples before legal/IP conclusions
CHEMBL4097522,,COC(=O)Nc1ccc2c(c1)NC(=O)C[C@@H](C)CCC[C@H](NC(=O)/C=C/c1cc(Cl)ccc1-n1cnnn1)c1nc-2c(Cl)[nH]1,Ki,0.06,https://www.ebi.ac.uk/chembl/activity_report_card/18264400,low,proxy exclusion; replace or augment with curated patent examples before legal/IP conclusions
CHEMBL4113483,,COC(=O)Nc1ccc2c(c1)NC(=O)[C@H](C)CCC[C@H](N1CCC(c3c(OC(F)F)ccc(Cl)c3F)=CC1=O)c1cc-2ccn1,Ki,0.06,https://www.ebi.ac.uk/chembl/activity_report_card/27608342,low,proxy exclusion; replace or augment with curated patent examples before legal/IP conclusions
CHEMBL4109568,,Cc1[nH]c2cc3c(cc2c1C(=O)O)-c1ccnc(c1)[C@@H](N1CCC(c2c(F)ccc(Cl)c2F)=CC1=O)CCC[C@@H](C)C(=O)N3,Ki,0.06,https://www.ebi.ac.uk/chembl/activity_report_card/27608495,low,proxy exclusion; replace or augment with curated patent examples before legal/IP conclusions
CHEMBL4068445,,CN1CCC2(CCN(c3cccc4c3CCN(C(=O)/C=C/c3c(-n5cnnn5)ccc(Cl)c3F)[C@@H]4C(=O)Nc3ccc(C(=O)O)cc3)CC2)C1=O,Ki,0.07,https://www.ebi.ac.uk/chembl/activity_report_card/18144734,low,proxy exclusion; replace or augment with curated patent examples before legal/IP conclusions
CHEMBL4083769,,COC(=O)Nc1ccc2c(c1)NC(=O)[C@H](C)CCC[C@H](NC(=O)/C=C/c1cc(Cl)ccc1-n1cnnn1)c1nc-2c(Cl)[nH]1,Ki,0.07,https://www.ebi.ac.uk/chembl/activity_report_card/18264405,low,proxy exclusion; replace or augment with curated patent examples before legal/IP conclusions
CHEMBL5076656,,C[C@@H]1CCC[C@H](N2CCC(c3cc(Cl)ccc3-n3cc(Cl)nn3)=CC2=O)c2cc(ccn2)-c2c(cnn2C(F)F)NC1=O,Ki,0.07,https://www.ebi.ac.uk/chembl/activity_report_card/24387454,low,proxy exclusion; replace or augment with curated patent examples before legal/IP conclusions
CHEMBL5934814,,O=C(O)c1ccc(NC(=O)C(CC2CC2)c2ccc(-c3cc(Cl)ccc3-n3cnnn3)c[n+]2[O-])cc1F,IC50,0.07,https://www.ebi.ac.uk/chembl/activity_report_card/27324011,low,proxy exclusion; replace or augment with curated patent examples before legal/IP conclusions
CHEMBL4108033,,C[C@@H]1CCC[C@H](N2CCC(c3c(-n4cnnn4)ccc(Cl)c3F)=CC2=O)c2cc(ccn2)-c2cc(F)c(F)cc2NC1=O,Ki,0.07,https://www.ebi.ac.uk/chembl/activity_report_card/27608891,low,proxy exclusion; replace or augment with curated patent examples before legal/IP conclusions
CHEMBL3260339,,COC(=O)Nc1ccc2c(c1)NC(=O)[C@H](C)CCC[C@H](N1CCC(c3c(Br)ccc(Cl)c3F)=CC1=O)c1cc-2ccn1,Ki,0.08,https://www.ebi.ac.uk/chembl/activity_report_card/14642924,low,proxy exclusion; replace or augment with curated patent examples before legal/IP conclusions
CHEMBL6057268,,COC(=O)Nc1ccc2c(c1)NC(=O)CCCC[C@H](c1ccc(-c3cc(F)ccc3-n3cnnn3)c[n+]1[O-])c1nc-2c[nH]1,Ki,0.08,https://www.ebi.ac.uk/chembl/activity_report_card/27397601,low,proxy exclusion; replace or augment with curated patent examples before legal/IP conclusions
CHEMBL4115630,,C[C@@H]1CCC[C@H](N2CCC(c3c(F)ccc(Cl)c3F)=CC2=O)c2cc(ccn2)-c2ccc(NC(=O)OCCOC(C)(C)C)cc2NC1=O,Ki,0.08,https://www.ebi.ac.uk/chembl/activity_report_card/27608405,low,proxy exclusion; replace or augment with curated patent examples before legal/IP conclusions
CHEMBL4110983,,C[C@@H]1CCC[C@H](N2CCC(c3c(F)ccc(Cl)c3F)=CC2=O)c2cc(ccn2)-c2ccc(NC(=O)OCCO)cc2NC1=O,Ki,0.08,https://www.ebi.ac.uk/chembl/activity_report_card/27608408,low,proxy exclusion; replace or augment with curated patent examples before legal/IP conclusions
CHEMBL5778140,,O=C1CCCC[C@H](c2ccc(-c3cc(Cl)ccc3-n3cnnn3)c[n+]2[O-])c2cccc(c2)-c2cc(F)ccc2N1,Ki,0.09,https://www.ebi.ac.uk/chembl/activity_report_card/27397169,low,proxy exclusion; replace or augment with curated patent examples before legal/IP conclusions
CHEMBL5777512,,COC(=O)Nc1ccc2c(c1)NC(=O)CC[C@@H](C)C[C@H](c1ccc(-c3c(F)cccc3OC(F)F)c[n+]1[O-])c1nc-2c(C)[nH]1,Ki,0.09,https://www.ebi.ac.uk/chembl/activity_report_card/27397760,low,proxy exclusion; replace or augment with curated patent examples before legal/IP conclusions
CHEMBL4111429,,COC(=O)Nc1ccc2c(c1)NC(=O)[C@H](C)CCC[C@H](N1CCC(c3c(C#N)ccc(Cl)c3F)=CC1=O)c1cc-2cc(OC)n1,Ki,0.09,https://www.ebi.ac.uk/chembl/activity_report_card/27608324,low,proxy exclusion; replace or augment with curated patent examples before legal/IP conclusions
CHEMBL4106708,,COC(=O)Nc1ccc2c(c1)NC(=O)[C@H](C)CCC[C@H](N1CCC(c3cc(Cl)ccc3C(F)(F)F)=CC1=O)c1cc-2ccn1,Ki,0.09,https://www.ebi.ac.uk/chembl/activity_report_card/27608354,low,proxy exclusion; replace or augment with curated patent examples before legal/IP conclusions
CHEMBL3948120,,CC(C)[C@@H]1CCC[C@H](N2CCC(c3c(-n4cnnn4)ccc(Cl)c3F)=CC2=O)c2cc(ccn2)-c2ccccc2NC1=O,Ki,0.09,https://www.ebi.ac.uk/chembl/activity_report_card/27608546,low,proxy exclusion; replace or augment with curated patent examples before legal/IP conclusions
CHEMBL4113824,,COC(=O)Nc1ccc2c(c1)NC(=O)[C@H](C)CCC[C@H](N1CCC(c3c(C#N)ccc(C)c3F)=CC1=O)c1cc-2ccn1,Ki,0.09,https://www.ebi.ac.uk/chembl/activity_report_card/27608558,low,proxy exclusion; replace or augment with curated patent examples before legal/IP conclusions
CHEMBL4097304,,CN(C)C1CCN(c2cccc3c2CCN(C(=O)/C=C/c2c(-n4cnnn4)ccc(Cl)c2F)[C@@H]3C(=O)Nc2ccc(C(=O)O)cc2)CC1,Ki,0.098,https://www.ebi.ac.uk/chembl/activity_report_card/18144733,low,proxy exclusion; replace or augment with curated patent examples before legal/IP conclusions
CHEMBL4107758,,C[C@@H]1CCC[C@H](n2cnc(-c3cc(Cl)ccc3-n3cc(C(F)(F)F)nn3)cc2=O)c2cc(ccn2)-c2c(cnn2C)NC1=O,Ki,0.1,https://www.ebi.ac.uk/chembl/activity_report_card/17791795,low,proxy exclusion; replace or augment with curated patent examples before legal/IP conclusions
CHEMBL4115014,,C[C@@H]1CCC[C@H](n2cnc(-c3cc(Cl)ccc3-n3cc(C(F)(F)F)nn3)cc2=O)c2cc(ccn2)-c2c(cnn2C(F)F)NC1=O,Ki,0.1,https://www.ebi.ac.uk/chembl/activity_report_card/17791797,low,proxy exclusion; replace or augment with curated patent examples before legal/IP conclusions
CHEMBL4113006,,C[C@@H]1CCC[C@H](n2cnc(-c3cc(Cl)ccc3-n3cc(C(F)(F)F)nn3)cc2=O)c2ccnc(c2)-c2c(cnn2C)NC1=O,Ki,0.1,https://www.ebi.ac.uk/chembl/activity_report_card/17791798,low,proxy exclusion; replace or augment with curated patent examples before legal/IP conclusions
CHEMBL5869576,,O=C(O)c1ccc(NC(=O)C(CC2CCC2)c2ccc(-c3c(C(F)F)ccc(Cl)c3F)c[n+]2[O-])cc1F,IC50,0.1,https://www.ebi.ac.uk/chembl/activity_report_card/27038063,low,proxy exclusion; replace or augment with curated patent examples before legal/IP conclusions
CHEMBL6034229,,COC(=O)Nc1ccc2c(c1)NC(=O)CCCCC(c1ccc(-c3cc(Cl)ccc3-n3cnnn3)c[n+]1[O-])c1cccc-2c1,Ki,0.1,https://www.ebi.ac.uk/chembl/activity_report_card/27397196,low,proxy exclusion; replace or augment with curated patent examples before legal/IP conclusions
CHEMBL5926090,,COC(=O)Nc1ccc2c(c1)NC(=O)[C@H](C)CCC[C@H](c1ccc(-c3c(F)cccc3F)c[n+]1[O-])c1nc-2c(C)[nH]1,Ki,0.1,https://www.ebi.ac.uk/chembl/activity_report_card/27397682,low,proxy exclusion; replace or augment with curated patent examples before legal/IP conclusions
CHEMBL4114933,,COC(=O)Nc1ccc2c(c1)NC(=O)[C@H](C)CCC[C@H](N1CCC(c3c(C(F)(F)F)ccc(Cl)c3F)=CC1=O)c1cc-2ccn1,Ki,0.1,https://www.ebi.ac.uk/chembl/activity_report_card/27608321,low,proxy exclusion; replace or augment with curated patent examples before legal/IP conclusions
CHEMBL4107808,,C#Cc1ccc(Cl)c(F)c1C1=CC(=O)N([C@H]2CCC[C@@H](C)C(=O)Nc3cc(NC(=O)OC)ccc3-c3ccnc2c3)CC1,Ki,0.1,https://www.ebi.ac.uk/chembl/activity_report_card/27608789,low,proxy exclusion; replace or augment with curated patent examples before legal/IP conclusions
CHEMBL3260341,,COC(=O)Nc1ccc2c(c1)NC(=O)[C@H](C)CCC[C@H](n1ccc(-c3c(F)ccc(Cl)c3F)cc1=O)c1cc-2ccn1,Ki,0.11,https://www.ebi.ac.uk/chembl/activity_report_card/14642928,low,proxy exclusion; replace or augment with curated patent examples before legal/IP conclusions
CHEMBL5862641,,COC(=O)Nc1ccc2c(c1)NC(=O)CCCC[C@H](c1ccc(-c3cc(Cl)ccc3-n3cc(C4CC4)nn3)c[n+]1[O-])c1cccc-2c1,Ki,0.11,https://www.ebi.ac.uk/chembl/activity_report_card/27397292,low,proxy exclusion; replace or augment with curated patent examples before legal/IP conclusions
CHEMBL5934781,,COC(=O)Nc1ccc2c(c1)NC(=O)CCCC[C@H](c1ccc(-c3c(F)cccc3C(F)(F)F)c[n+]1[O-])c1nc-2c(C)[nH]1,Ki,0.11,https://www.ebi.ac.uk/chembl/activity_report_card/27397625,low,proxy exclusion; replace or augment with curated patent examples before legal/IP conclusions
CHEMBL4115423,,COC(=O)Nc1ccc2c(c1)NC(=O)[C@H](C)CCC[C@H](N1CCC(c3c(-c4c[nH]nn4)ccc(Cl)c3F)=CC1=O)c1cc-2ccn1,Ki,0.11,https://www.ebi.ac.uk/chembl/activity_report_card/27608792,low,proxy exclusion; replace or augment with curated patent examples before legal/IP conclusions
CHEMBL5094166,,C[C@@H]1CCC[C@H](N2CCC(c3cc(Cl)ccc3-n3cc(Cl)nn3)=CC2=O)c2cc(ccn2)-c2c(cnn2C)NC1=O,Ki,0.12,https://www.ebi.ac.uk/chembl/activity_report_card/24387452,low,proxy exclusion; replace or augment with curated patent examples before legal/IP conclusions
CHEMBL5175227,,Cn1nncc1-c1cnn([C@H](CCOC(F)F)c2ccc(-c3c(-n4cnnn4)ccc(Cl)c3F)c[n+]2[O-])c1,Ki,0.12,https://www.ebi.ac.uk/chembl/activity_report_card/24825250,low,proxy exclusion; replace or augment with curated patent examples before legal/IP conclusions
CHEMBL6001892,,COC(=O)Nc1ccc2c(c1)NC(=O)CCCC[C@H](c1ccc(-c3cc(F)ccc3OC(F)F)c[n+]1[O-])c1nc-2c(C)[nH]1,Ki,0.12,https://www.ebi.ac.uk/chembl/activity_report_card/27397637,low,proxy exclusion; replace or augment with curated patent examples before legal/IP conclusions
CHEMBL4063677,,COC(=O)Nc1ccc2c(c1)NC(=O)C[C@@H](C)/C=C/C[C@H](NC(=O)/C=C/c1cc(Cl)ccc1-n1cnnn1)c1nc-2c[nH]1,Ki,0.13,https://www.ebi.ac.uk/chembl/activity_report_card/18264403,low,proxy exclusion; replace or augment with curated patent examples before legal/IP conclusions
CHEMBL4447001,,Cc1nc2nc(C(C)C)[nH]c2cc1-c1ccc(C[C@H](NC(=O)[C@H]2CC[C@H](CN)CC2)C(=O)Nc2ccc(-c3nnc(C(F)(F)C(F)(F)C(=O)O)[nH]3)cc2)cc1,IC50,0.13,https://www.ebi.ac.uk/chembl/activity_report_card/19054706,low,proxy exclusion; replace or augment with curated patent examples before legal/IP conclusions
CHEMBL5204065,,Cn1nncc1-c1cnn([C@H](Cc2ccc(F)cc2)c2ccc(-c3c(-n4cnnn4)ccc(Cl)c3F)c[n+]2[O-])c1,Ki,0.13,https://www.ebi.ac.uk/chembl/activity_report_card/24825248,low,proxy exclusion; replace or augment with curated patent examples before legal/IP conclusions
CHEMBL5188215,,COCC[C@H](c1ccc(-c2c(-n3cnnn3)ccc(Cl)c2F)c[n+]1[O-])n1cc(-c2cnnn2C)cn1,Ki,0.13,https://www.ebi.ac.uk/chembl/activity_report_card/24825249,low,proxy exclusion; replace or augment with curated patent examples before legal/IP conclusions
CHEMBL6167004,,CC[C@@H](c1cc(-c2ccc(N)nc2)ccn1)n1cc(OC)c(-c2cc(Cl)ccc2-n2cnnn2)cc1=O,IC50,0.13,https://www.ebi.ac.uk/chembl/activity_report_card/29174294,low,proxy exclusion; replace or augment with curated patent examples before legal/IP conclusions
CHEMBL5813834,,O=C1CCCC[C@H](c2ccc(-c3c(-n4cnnn4)ccc(Cl)c3F)c[n+]2[O-])c2cccc(c2)-c2cc(C(=O)O)ccc2N1,Ki,0.13,https://www.ebi.ac.uk/chembl/activity_report_card/27397193,low,proxy exclusion; replace or augment with curated patent examples before legal/IP conclusions
CHEMBL5928310,,COC(=O)Nc1ccc2c(c1)NC(=O)CCCC[C@H](c1ccc(-c3cc(Cl)ccc3-n3cc(Cl)nn3)c[n+]1[O-])c1cccc-2c1,Ki,0.13,https://www.ebi.ac.uk/chembl/activity_report_card/27397289,low,proxy exclusion; replace or augment with curated patent examples before legal/IP conclusions
CHEMBL5978240,,CCc1[nH]c2nc1-c1ccc(NC(=O)OC)cc1NC(=O)CCCCC2c1ccc(-c2c(F)ccc(Cl)c2F)c[n+]1[O-],Ki,0.13,https://www.ebi.ac.uk/chembl/activity_report_card/27397577,low,proxy exclusion; replace or augment with curated patent examples before legal/IP conclusions
CHEMBL5868013,,COC(=O)Nc1ccc2c(c1)NC(=O)[C@H](C)CCC[C@H](c1ccc(-c3c(OC(F)F)ccc(F)c3F)c[n+]1[O-])c1nc-2c(C)[nH]1,Ki,0.13,https://www.ebi.ac.uk/chembl/activity_report_card/27397736,low,proxy exclusion; replace or augment with curated patent examples before legal/IP conclusions
CHEMBL4110346,,COC(=O)Nc1ccc2c(c1)NC(=O)[C@H](C)CCC[C@H](N1CCC(c3cc(Cl)ccc3OC(F)F)=CC1=O)c1cc-2ccn1,Ki,0.13,https://www.ebi.ac.uk/chembl/activity_report_card/27608378,low,proxy exclusion; replace or augment with curated patent examples before legal/IP conclusions
CHEMBL4103982,,COC(=O)Nc1ccc2c(c1)NC(=O)[C@H](C(C)C)CCC[C@H](NC(=O)/C=C/c1cc(Cl)ccc1-n1cnnn1)c1nc-2c[nH]1,Ki,0.14,https://www.ebi.ac.uk/chembl/activity_report_card/18264409,low,proxy exclusion; replace or augment with curated patent examples before legal/IP conclusions
CHEMBL5795968,,O=C(O)c1ccc(NC(=O)[C@H](C[C@H]2CC[C@H](O)CC2)c2ccc(-c3c(OC(F)F)ccc(Cl)c3F)c[n+]2[O-])cc1,IC50,0.14,https://www.ebi.ac.uk/chembl/activity_report_card/27037682,low,proxy exclusion; replace or augment with curated patent examples before legal/IP conclusions
CHEMBL5843501,,O=C(O)c1ccc(NC(=O)[C@H](CC2CC2)c2ccc(-c3cc(Cl)ccc3-n3cnnn3)c[n+]2[O-])cc1,IC50,0.14,https://www.ebi.ac.uk/chembl/activity_report_card/27323927,low,proxy exclusion; replace or augment with curated patent examples before legal/IP conclusions
CHEMBL5966546,,COC(=O)Nc1ccc2c(c1)NC(=O)CCCCC(c1ccc(-c3cc(Cl)ccc3-n3cnnn3)c[n+]1[O-])c1cc-2[n+]([O-])cc1F,Ki,0.14,https://www.ebi.ac.uk/chembl/activity_report_card/27397448,low,proxy exclusion; replace or augment with curated patent examples before legal/IP conclusions
CHEMBL5759902,,COC(=O)Nc1ccc2c(c1)NC(=O)CCCCC(c1ccc(-c3cc(Cl)ccc3OC(F)F)c[n+]1[O-])c1nc-2c[nH]1,Ki,0.14,https://www.ebi.ac.uk/chembl/activity_report_card/27397547,low,proxy exclusion; replace or augment with curated patent examples before legal/IP conclusions
CHEMBL5878263,,COC(=O)Nc1ccc2c(c1)NC(=O)CCCC[C@H](c1ccc(-c3c(F)cccc3OC(F)F)c[n+]1[O-])c1nc-2c(C)[nH]1,Ki,0.14,https://www.ebi.ac.uk/chembl/activity_report_card/27397628,low,proxy exclusion; replace or augment with curated patent examples before legal/IP conclusions
CHEMBL5813304,,Cc1[nH]c2nc1-c1ccc(N)cc1NC(=O)CCCC[C@@H]2c1ccc(-c2c(F)ccc(Cl)c2F)c[n+]1[O-],Ki,0.14,https://www.ebi.ac.uk/chembl/activity_report_card/27397634,low,proxy exclusion; replace or augment with curated patent examples before legal/IP conclusions
CHEMBL5879132,,COC(=O)Nc1ccc2c(c1)NC(=O)[C@H](C)CCC[C@H](c1ccc(-c3c(F)cccc3F)c[n+]1[O-])c1nc-2c(C2CC2)[nH]1,Ki,0.14,https://www.ebi.ac.uk/chembl/activity_report_card/27397694,low,proxy exclusion; replace or augment with curated patent examples before legal/IP conclusions
CHEMBL6056231,,CCc1[nH]c2nc1-c1ccc(NC(=O)OC)cc1NC(=O)[C@H](C)CCC[C@@H]2c1ccc(-c2c(F)cccc2OC(F)F)c[n+]1[O-],Ki,0.14,https://www.ebi.ac.uk/chembl/activity_report_card/27397706,low,proxy exclusion; replace or augment with curated patent examples before legal/IP conclusions
CHEMBL6036933,,C[C@@H]1CCC[C@H](c2ccc(-c3cc(Cl)ccc3-n3cc(Cl)nn3)c[n+]2[O-])c2cccc(c2)-c2c(cnn2C(F)F)NC1=O,Ki,0.14,https://www.ebi.ac.uk/chembl/activity_report_card/27397811,low,proxy exclusion; replace or augment with curated patent examples before legal/IP conclusions
CHEMBL5817719,,CCc1[nH]c2nc1-c1ccc(NC(=O)OC)cc1NC(=O)CCCC[C@@H]2c1ccc(-c2c(F)cccc2OC(F)F)c[n+]1[O-],Ki,0.15,https://www.ebi.ac.uk/chembl/activity_report_card/27397631,low,proxy exclusion; replace or augment with curated patent examples before legal/IP conclusions
CHEMBL5749783,,COC(=O)Nc1ccc2c(c1)NC(=O)CCCC[C@H](c1ccc(-c3c(OC(F)F)ccc(F)c3F)c[n+]1[O-])c1nc-2c(C)[nH]1,Ki,0.15,https://www.ebi.ac.uk/chembl/activity_report_card/27397640,low,proxy exclusion; replace or augment with curated patent examples before legal/IP conclusions
CHEMBL4110901,,COC(=O)Nc1ccc2c(c1)NC(=O)[C@H](C)CCC[C@H](N1CCC(c3c(C#N)ccc(Cl)c3F)=CC1=O)c1ccnc-2c1,Ki,0.15,https://www.ebi.ac.uk/chembl/activity_report_card/27608552,low,proxy exclusion; replace or augment with curated patent examples before legal/IP conclusions
CHEMBL4071545,,COC(=O)Nc1ccc2c(c1)NC(=O)CC/C=C/C[C@H](NC(=O)/C=C/c1cc(Cl)ccc1-n1cnnn1)c1nc-2c[nH]1,Ki,0.16,https://www.ebi.ac.uk/chembl/activity_report_card/17956409,low,proxy exclusion; replace or augment with curated patent examples before legal/IP conclusions
CHEMBL5196642,,COC(=O)Nc1ccc2c(c1)NC(=O)C(C)(C)CCC[C@H](c1ccc(-c3cc(F)ccc3OC(F)F)c[n+]1[O-])c1nc-2c(C(=O)O)[nH]1,IC50,0.16,https://www.ebi.ac.uk/chembl/activity_report_card/24749841,low,proxy exclusion; replace or augment with curated patent examples before legal/IP conclusions
CHEMBL6008405,,N[C@@H](CCCCNC(=O)CN1CC=C(c2cccc3c2CCN(C(=O)[C@H]2CC(c4cccc(Cl)c4F)=NO2)[C@@H]3C(=O)Nc2ccc(C(=O)O)cc2)CC1)C(=O)O,IC50,0.16,https://www.ebi.ac.uk/chembl/activity_report_card/28881254,low,proxy exclusion; replace or augment with curated patent examples before legal/IP conclusions
CHEMBL6044161,,O=C(O)c1ccc(NC(=O)[C@H](Cc2ccccc2)c2ccc(-c3cc(Cl)ccc3-n3cnnn3)c[n+]2[O-])cc1,IC50,0.16,https://www.ebi.ac.uk/chembl/activity_report_card/27323810,low,proxy exclusion; replace or augment with curated patent examples before legal/IP conclusions
CHEMBL5780336,,COC(=O)Nc1ccc2c(c1)NC(=O)[C@H](C)CCC[C@H](c1ccc(-c3c(F)ccc(Cl)c3F)c[n+]1[O-])c1cc-2ncc1F,Ki,0.16,https://www.ebi.ac.uk/chembl/activity_report_card/27397415,low,proxy exclusion; replace or augment with curated patent examples before legal/IP conclusions
CHEMBL5093567,,C[C@@H]1CCC[C@H](n2cnc(-c3cc(Cl)ccc3-n3cc(Cl)nn3)cc2=O)c2cc(ccn2)-c2c(cnn2C)NC1=O,Ki,0.17,https://www.ebi.ac.uk/chembl/activity_report_card/24387453,low,proxy exclusion; replace or augment with curated patent examples before legal/IP conclusions
CHEMBL5170592,,Cn1nncc1-c1cnn([C@H](CCOC(F)F)c2ccc(-c3c(-n4cc(Cl)nn4)ccc(Cl)c3F)c[n+]2[O-])c1,Ki,0.17,https://www.ebi.ac.uk/chembl/activity_report_card/24825253,low,proxy exclusion; replace or augment with curated patent examples before legal/IP conclusions
CHEMBL5847894,,COC(=O)c1cc(-c2[nH]c(C3(O)CCc4cc(-c5cc(Cl)ccc5NC(=O)OC(C)(C)C)c[n+]([O-])c43)nc2Cl)cs1,IC50,0.17,https://www.ebi.ac.uk/chembl/activity_report_card/26932171,low,proxy exclusion; replace or augment with curated patent examples before legal/IP conclusions
CHEMBL5765808,,COC(=O)Nc1ccc2c(c1)NC(=O)CCCCC(c1ccc(-c3cc(Cl)ccc3OC(F)(F)F)c[n+]1[O-])c1nc-2c[nH]1,Ki,0.17,https://www.ebi.ac.uk/chembl/activity_report_card/27397538,low,proxy exclusion; replace or augment with curated patent examples before legal/IP conclusions
CHEMBL5795285,,COC(=O)Nc1ccc2c(c1)NC(=O)[C@H](C)CCC[C@H](c1ccc(-c3c(F)ccc(Cl)c3F)c[n+]1[O-])c1nc-2c[nH]1,Ki,0.17,https://www.ebi.ac.uk/chembl/activity_report_card/27397583,low,proxy exclusion; replace or augment with curated patent examples before legal/IP conclusions
CHEMBL5847309,,CCOC(=O)Nc1ccc2c(c1)NC(=O)CCCC[C@H](c1ccc(-c3c(F)ccc(Cl)c3F)c[n+]1[O-])c1nc-2c(C)[nH]1,Ki,0.17,https://www.ebi.ac.uk/chembl/activity_report_card/27397652,low,proxy exclusion; replace or augment with curated patent examples before legal/IP conclusions
CHEMBL6045806,,COC(=O)Nc1ccc2c(c1)NC(=O)[C@H](C)CCC[C@H](c1ccc(-c3cc(F)ccc3OC(F)(F)F)c[n+]1[O-])c1nc-2c(C)[nH]1,Ki,0.17,https://www.ebi.ac.uk/chembl/activity_report_card/27397724,low,proxy exclusion; replace or augment with curated patent examples before legal/IP conclusions
CHEMBL4107795,,COC(=O)Nc1ccc2c(c1)NC(=O)[C@H](C)CCC[C@H](N1CCC(c3c(C(C)=O)ccc(Cl)c3F)=CC1=O)c1cccc-2c1,Ki,0.17,https://www.ebi.ac.uk/chembl/activity_report_card/27608759,low,proxy exclusion; replace or augment with curated patent examples before legal/IP conclusions
CHEMBL3580754,,O=C(/C=C/c1cc(Cl)ccc1-n1cnnn1)N[C@@H](Cc1ccccc1)c1nc(-c2ccc3[nH]c(=O)cc(O)c3c2)c(Cl)[nH]1,Ki,0.18,https://www.ebi.ac.uk/chembl/activity_report_card/15617378,low,proxy exclusion; replace or augment with curated patent examples before legal/IP conclusions
CHEMBL4089185,,CC[C@@H]1CCC[C@H](NC(=O)/C=C/c2cc(Cl)ccc2-n2cnnn2)c2nc(c[nH]2)-c2ccc(NC(=O)OC)cc2NC1=O,Ki,0.18,https://www.ebi.ac.uk/chembl/activity_report_card/18264407,low,proxy exclusion; replace or augment with curated patent examples before legal/IP conclusions
CHEMBL4439729,,COC(=O)Nc1ccc2c(c1)NC(=O)[C@H](C)CCC[C@H](NC(=O)/C=C/c1cc(Cl)ccc1-n1cnnn1)c1cc-2ccn1,Ki,0.18,https://www.ebi.ac.uk/chembl/activity_report_card/19058303,low,proxy exclusion; replace or augment with curated patent examples before legal/IP conclusions
CHEMBL5929651,,C[C@@H]1CCC[C@H](c2ccc(-c3cc(Cl)ccc3-n3cnnn3)c[n+]2[O-])c2cccc(c2)-c2cc(F)ccc2NC1=O,Ki,0.18,https://www.ebi.ac.uk/chembl/activity_report_card/27397184,low,proxy exclusion; replace or augment with curated patent examples before legal/IP conclusions
CHEMBL5898771,,Nc1ccc2c(c1)NC(=O)CCCCC(c1ccc(-c3c(F)ccc(Cl)c3F)c[n+]1[O-])c1nc-2c[nH]1,Ki,0.18,https://www.ebi.ac.uk/chembl/activity_report_card/27397565,low,proxy exclusion; replace or augment with curated patent examples before legal/IP conclusions
CHEMBL4115353,,COC(=O)Nc1ccc2c(c1)NC(=O)[C@H](C)C(F)CC[C@H](N1CCC(c3c(F)ccc(Cl)c3F)=CC1=O)c1cc-2ccn1,Ki,0.18,https://www.ebi.ac.uk/chembl/activity_report_card/27608786,low,proxy exclusion; replace or augment with curated patent examples before legal/IP conclusions
CHEMBL5183661,,CCOC(=O)c1[nH]c2nc1-c1ccc(NC(=O)OC)cc1NC(=O)C(C)(C)CCC[C@@H]2c1ccc(-c2cccc(Cl)c2F)c[n+]1[O-],IC50,0.19,https://www.ebi.ac.uk/chembl/activity_report_card/24749839,low,proxy exclusion; replace or augment with curated patent examples before legal/IP conclusions
CHEMBL6133730,,COc1cn(Cc2cc(-c3ccc(N)nc3)ccn2)c(=O)cc1-c1cc(Cl)ccc1-n1cnnn1,IC50,0.19,https://www.ebi.ac.uk/chembl/activity_report_card/29174290,low,proxy exclusion; replace or augment with curated patent examples before legal/IP conclusions
CHEMBL6150603,,COc1cn(Cc2cc(-c3ccc(N)nc3F)ccn2)c(=O)cc1-c1cc(Cl)ccc1-n1cnnn1,IC50,0.19,https://www.ebi.ac.uk/chembl/activity_report_card/29174298,low,proxy exclusion; replace or augment with curated patent examples before legal/IP conclusions
CHEMBL5933918,,CC1CC1C[C@@H](C(=O)Nc1ccc(C(=O)O)cc1)c1ccc(-c2c(C(F)F)ccc(Cl)c2F)c[n+]1[O-],IC50,0.19,https://www.ebi.ac.uk/chembl/activity_report_card/27037802,low,proxy exclusion; replace or augment with curated patent examples before legal/IP conclusions
CHEMBL6033763,,O=C(O)c1ccc(NC(=O)C(CC2CC2)c2ccc(-c3c(-n4cnnn4)ccc(Cl)c3F)c[n+]2[O-])cc1,IC50,0.19,https://www.ebi.ac.uk/chembl/activity_report_card/27324035,low,proxy exclusion; replace or augment with curated patent examples before legal/IP conclusions
CHEMBL5821284,,COC(=O)Nc1ccc2c(c1)NC(=O)CCCC[C@H](c1ccc(-c3cc(Cl)ccc3-n3cc(C#N)cn3)c[n+]1[O-])c1cccc-2c1,Ki,0.19,https://www.ebi.ac.uk/chembl/activity_report_card/27397301,low,proxy exclusion; replace or augment with curated patent examples before legal/IP conclusions
CHEMBL5892465,,COC(=O)Nc1ccc2c(c1)NC(=O)CCCCC(c1ccc(-c3c(F)ccc(Cl)c3F)c[n+]1[O-])c1nc-2c(C)[nH]1,Ki,0.19,https://www.ebi.ac.uk/chembl/activity_report_card/27397574,low,proxy exclusion; replace or augment with curated patent examples before legal/IP conclusions
CHEMBL3127463,,CC(C)CC(=O)Nc1cc(-c2ccc(C(N)=O)cc2C(=O)O)cc(C2CC(C)(c3ccccc3)c3cc(C(=N)N)ccc3N2)c1,Ki,0.2,https://www.ebi.ac.uk/chembl/activity_report_card/13954361,low,proxy exclusion; replace or augment with curated patent examples before legal/IP conclusions
CHEMBL3127491,,CC(C)CC(=O)Nc1cc(-c2ccc(C(N)=O)cc2C(=O)O)cc([C@@H]2C[C@](C)(c3ccccc3)c3cc(C(=N)N)ccc3N2)c1,Ki,0.2,https://www.ebi.ac.uk/chembl/activity_report_card/15088585,low,proxy exclusion; replace or augment with curated patent examples before legal/IP conclusions
CHEMBL4111839,,C[C@@H]1CCC[C@H](n2cnc(-c3cc(Cl)ccc3-n3cc(Cl)nn3)cc2=O)c2ccnc(c2)-c2c(cnn2C)NC1=O,Ki,0.2,https://www.ebi.ac.uk/chembl/activity_report_card/17791793,low,proxy exclusion; replace or augment with curated patent examples before legal/IP conclusions
CHEMBL4107075,,C[C@@H]1CCC[C@H](n2cnc(-c3cc(Cl)ccc3-n3cc(C(=O)O)nn3)cc2=O)c2ccnc(c2)-c2c(cnn2C)NC1=O,Ki,0.2,https://www.ebi.ac.uk/chembl/activity_report_card/17791800,low,proxy exclusion; replace or augment with curated patent examples before legal/IP conclusions
CHEMBL4107761,,C[C@@H]1CCC[C@H](n2cnc(-c3cc(Cl)ccc3-n3cc(C(=O)O)nn3)cc2=O)c2cc(ccn2)-c2c(cnn2C)NC1=O,Ki,0.2,https://www.ebi.ac.uk/chembl/activity_report_card/17791801,low,proxy exclusion; replace or augment with curated patent examples before legal/IP conclusions
CHEMBL4444690,,CC[C@@H]1CCC[C@H](NC(=O)/C=C/c2cc(Cl)ccc2-n2cnnn2)c2cc(ccn2)-c2ccc(NC(=O)OC)cc2NC1=O,Ki,0.2,https://www.ebi.ac.uk/chembl/activity_report_card/19058302,low,proxy exclusion; replace or augment with curated patent examples before legal/IP conclusions
